pid,bid
48,3912
34,1332
50,2714
10,4424
22,3918
9,5558
26,3826
12,789
29,2299
33,5831
32,2050
19,4313
44,180
27,1631
22,5106
37,2421
14,3898
22,230
20,193
17,429
14,3671
37,2939
4,3374
42,5107
44,2976
22,1316
29,766
21,1135
1,2721
26,2153
41,3717
5,4502
43,215
47,4361
10,262
42,4910
15,964
49,3350
35,602
40,3960
3,4005
34,2813
11,493
26,5636
21,2448
19,1843
31,518
23,4462
5,1781
25,991
33,1345
38,1151
23,2048
28,3907
37,1644
12,1757
21,730
21,1264
10,3243
36,2925
25,900
17,3980
41,3522
17,4221
24,3056
37,4171
27,4705
7,2705
1,3537
11,4625
48,4737
1,2824
20,1093
11,4122
34,4344
32,4016
8,3456
39,1803
31,1585
1,4854
23,1066
24,5195
32,3648
1,4568
27,5534
15,5759
39,1615
36,960
23,4167
17,1563
47,4679
21,2608
33,2970
47,3732
47,2351
44,89
12,250
25,5817
42,4819
11,3212
19,2578
16,2084
39,3150
19,2402
44,522
34,315
6,4652
32,592
3,914
49,2417
1,1896
3,4824
10,1838
28,4034
28,355
3,1752
1,3812
49,5116
21,5138
17,3152
33,838
35,5322
2,5272
17,1088
18,1665
32,1487
39,907
44,3966
24,1034
43,416
44,1688
5,4952
33,1502
30,1381
34,5158
10,468
34,5868
42,1071
38,1252
27,506
14,377
47,5635
3,1602
28,2819
28,5464
2,5590
38,2134
23,93
34,2199
42,1251
14,857
33,5833
48,441
22,3927
32,3898
23,3990
28,60
33,337
50,3133
25,4254
20,3598
1,2203
21,3495
26,5370
12,5834
1,608
14,3002
22,1899
29,5658
47,3590
17,1786
22,2791
49,1343
36,1192
28,5517
25,2096
1,5902
33,2138
15,2182
29,1842
1,1828
24,4244
28,1197
24,4288
19,5657
49,5243
32,4052
26,1384
50,2658
21,3441
23,940
50,705
24,4623
7,649
32,2995
44,3631
21,4541
34,4796
1,2845
42,1541
32,1975
23,4242
50,2516
39,4342
13,311
4,649
4,1094
20,3130
34,3865
18,4276
19,1625
8,1537
20,4480
48,4173
37,1124
34,922
23,4376
12,1040
21,214
4,440
37,1210
26,3253
50,712
1,3030
33,3701
40,4910
43,1784
12,754
38,5708
6,3249
14,644
50,2956
16,3212
24,4882
17,2388
30,1357
18,4798
39,1223
27,5458
17,5674
7,2010
22,3449
2,2448
50,4779
41,1589
34,5801
28,132
26,1852
50,4488
10,1969
11,2698
39,1649
47,2989
21,436
1,745
38,4360
48,316
39,3603
35,5076
11,132
47,143
44,3651
13,2147
37,2456
15,5072
39,4976
10,2754
15,2429
44,1534
11,5450
18,5608
26,1146
49,1195
33,3554
22,2700
19,5380
44,1677
19,2140
28,798
48,983
20,5905
23,1872
22,1474
31,507
32,5684
10,4576
6,4680
46,719
19,3618
13,2173
7,2125
7,2619
38,1859
45,1631
13,2859
37,1050
6,5248
27,1102
20,2482
29,245
7,4972
1,4210
15,971
7,4555
46,5377
28,3479
13,3135
37,3684
6,2397
19,4738
7,5887
27,1148
50,5114
22,2015
7,2189
34,1826
13,3735
8,3701
45,3498
14,564
42,4388
50,730
31,5123
1,3346
23,1401
11,1290
49,4649
49,2596
7,4571
41,3139
22,5067
29,3430
48,1738
39,5455
44,5576
28,1731
2,162
30,229
10,5471
42,2790
12,4454
19,2167
2,4221
41,3901
29,924
43,4047
31,4245
27,3099
29,4196
19,4252
16,4082
32,2234
46,3483
50,5212
44,4215
18,3616
19,3403
30,2621
47,958
33,5240
30,1794
41,1331
27,2841
23,604
36,294
25,506
38,3216
18,2876
29,2386
32,4333
10,3269
46,4033
4,3169
12,4010
5,552
26,4862
24,5428
13,4400
19,4906
8,593
13,4069
24,4465
18,1243
39,3540
22,4667
49,4281
47,4413
36,5495
42,2028
28,772
10,4831
9,5062
8,5153
11,350
3,553
47,1703
35,1371
17,5283
1,2461
14,60
1,2888
32,84
19,2610
19,705
6,2211
10,2596
43,1888
39,4347
3,5852
46,4947
10,28
47,695
37,1156
32,3395
31,1682
8,5214
13,2777
23,3814
36,2090
5,44
4,1279
41,2315
6,5786
50,5653
31,1187
8,2003
32,1518
24,124
25,2223
9,554
11,1249
6,4666
37,4290
37,2141
49,183
12,1557
33,3574
1,4115
40,1497
40,3601
9,168
21,3381
22,4210
25,4121
1,4836
48,5636
2,3181
4,4412
28,2561
40,4369
29,5454
5,3868
41,7
10,1538
41,1109
42,2810
24,3910
44,1014
32,836
2,612
17,1579
42,3233
45,3877
2,781
26,2524
37,4603
13,4012
26,780
6,476
11,2976
24,4664
26,1098
47,3507
43,5089
8,4057
5,5773
7,2182
21,5813
16,3336
4,2866
35,375
3,1035
19,5421
33,3576
21,4589
47,3463
41,3861
1,4725
25,2120
5,112
18,3477
34,1442
47,4618
25,1486
40,5403
45,4774
36,4288
34,4485
12,3484
12,2962
1,1763
50,1666
24,5671
33,1497
23,1076
37,4401
25,1363
40,828
41,5605
5,1147
38,2275
25,170
1,4359
35,5801
31,235
2,3992
7,2449
26,3423
28,3946
12,5780
29,15
20,1350
7,1948
12,4710
12,5150
22,4825
5,5207
38,1621
24,1019
45,4872
34,4516
35,4976
26,476
25,4814
11,622
2,130
18,2526
43,3247
26,2455
13,5473
43,2357
10,1265
31,5528
47,3594
35,262
28,3020
1,4653
5,962
20,485
8,4110
27,4836
47,4568
28,697
6,1411
12,3563
31,1283
26,26
42,3381
29,4056
23,1846
3,2751
7,2156
47,3989
37,879
9,4128
18,3389
8,1463
18,2630
6,5106
10,2602
41,4079
45,2187
17,4140
50,1196
45,1807
12,1064
24,5415
15,3244
39,3733
3,3629
12,739
3,4224
39,3544
39,272
14,122
5,2201
46,2386
46,2833
3,3303
19,3081
49,155
48,4683
41,3846
11,833
38,4410
44,2023
40,3337
18,4063
16,837
21,4814
14,3392
22,5737
31,4696
26,3263
29,4710
41,2029
10,3060
5,190
37,4371
8,2340
18,4203
49,3672
15,1702
39,5253
14,5884
15,872
16,3929
30,4074
50,320
20,5391
33,1654
14,4923
30,3060
38,101
22,979
4,4694
30,2720
20,1079
39,3570
12,3460
12,2673
17,5674
26,5384
14,2551
10,5614
20,1890
46,3628
3,2458
35,1001
19,2789
38,3316
28,2546
36,2654
26,2178
28,1122
35,2073
37,3321
3,5484
46,1942
45,2647
1,3790
14,491
44,3184
38,1834
33,5006
30,963
20,4990
21,4662
32,4503
42,1256
44,2921
45,4569
31,1434
2,3163
33,541
46,2037
3,5510
34,3672
26,5774
43,5735
10,4351
24,4569
37,3089
49,1285
7,163
3,2096
19,2923
14,1915
39,554
4,261
16,4995
30,2737
6,3350
24,1159
36,5427
18,4163
18,1711
42,2590
32,4411
38,4034
46,4543
14,4338
24,4035
40,1360
9,682
22,3012
34,489
19,2698
11,3297
30,5314
24,3830
41,3738
13,4451
34,1956
10,2035
45,2097
29,202
15,3819
3,2678
47,1306
42,2791
40,5534
2,2617
16,3800
37,5068
35,2115
10,5644
3,3749
7,2240
32,1722
1,3333
29,927
15,2254
15,1460
16,351
27,3319
27,3273
12,5713
26,4249
23,708
41,5332
38,436
2,2973
42,346
22,3648
50,3311
24,4084
21,3382
3,468
8,3444
15,5358
12,2095
48,3692
28,3420
35,3314
34,3498
9,2804
31,3607
6,5285
35,1981
3,117
7,236
28,5646
36,4570
12,3027
42,214
48,5452
34,4339
22,192
35,1235
34,4916
27,2637
21,4154
34,263
13,1979
42,4203
14,1432
5,4827
31,381
37,1404
40,2215
40,342
44,3580
33,5753
40,5899
43,4951
48,4598
8,3834
36,5087
30,4502
14,3524
49,1512
1,5146
49,4020
22,3704
15,1180
6,3053
44,1556
42,5742
47,4418
18,1945
38,231
36,5323
8,792
36,1610
18,2466
38,2555
2,2069
34,5725
40,1041
23,2897
30,1179
28,258
37,139
36,5910
4,2263
25,1921
2,2766
29,3011
1,4199
47,4782
13,2056
9,4747
42,4911
44,1921
38,5186
28,3411
50,578
22,5433
41,5439
26,5691
36,394
39,4393
7,1152
5,9
47,5632
2,4830
38,4615
13,1459
42,432
5,2994
30,2917
38,628
31,1706
50,5344
7,4508
35,5618
50,4556
9,354
30,95
37,4099
43,3745
31,1495
47,5521
26,1607
26,952
45,1148
2,5380
13,5174
4,1963
9,714
32,3162
49,2007
15,2745
28,4777
40,1644
36,2907
6,3962
33,5398
41,3612
37,477
15,3817
1,4883
2,5227
2,5547
13,953
44,673
45,1561
12,328
4,4113
49,2699
42,1803
10,2449
42,2907
1,1358
46,3407
36,2692
28,896
47,1720
24,4489
26,3463
3,1266
27,2282
42,4504
11,1565
19,5603
26,5405
43,4217
17,1318
26,1871
34,2857
34,2197
22,3217
42,5773
32,1860
5,1658
1,5423
49,5547
36,4019
33,5529
2,5552
43,56
50,424
49,2679
43,3759
36,5547
41,2485
46,3592
2,4627
49,4323
7,457
16,5093
40,3806
10,5869
29,4010
16,5650
36,3036
44,3401
10,3636
1,5502
33,4951
28,2243
27,3430
20,1328
10,5285
4,3739
24,5204
4,1970
32,562
34,239
48,5060
4,2528
41,5086
33,4951
14,785
29,4220
43,5676
41,4868
50,2592
20,2843
39,1541
41,5742
39,5259
46,2216
9,2580
7,1813
36,4748
11,3589
48,466
22,5099
44,2783
7,753
33,47
34,1841
31,1061
29,4967
46,144
40,3337
47,450
14,2029
11,2752
5,1319
28,3261
1,4727
27,2833
43,2654
26,5478
41,3547
6,3971
14,975
40,5771
23,3316
23,2477
26,2684
14,3659
37,5295
8,3813
48,696
2,3517
26,3803
12,4120
22,3054
6,4715
23,49
41,1644
6,682
42,4063
10,4145
32,554
1,2609
45,5028
31,661
4,5712
39,1697
11,3098
10,5284
3,4502
15,5410
13,2632
12,953
32,3899
17,2395
36,2485
8,320
23,2727
18,951
41,2872
13,2842
13,4962
13,4338
37,858
14,5640
45,5888
22,2887
46,2424
14,5846
46,673
35,276
25,1561
50,33
4,4928
35,4645
27,5817
35,3974
26,4536
23,5523
45,1029
42,3941
17,2431
31,5437
5,3807
24,4153
50,1104
33,3557
36,5097
14,5148
7,4026
15,208
50,480
4,3887
41,5158
45,5200
27,4749
7,3663
28,5055
36,1630
14,5303
39,1381
2,951
28,4326
7,4160
17,2109
37,523
27,4926
26,4340
6,5364
11,3640
15,2877
3,4840
44,1545
14,928
50,2163
12,3072
25,3276
28,3633
43,3770
22,1485
10,2385
31,3966
18,863
35,5884
20,3704
10,5754
33,5518
16,1696
21,5289
42,732
21,399
5,2728
33,1880
38,3964
11,4579
49,225
19,5606
32,4524
16,5009
36,1956
21,3017
34,5662
26,2909
8,3422
30,944
36,2544
22,3393
4,759
10,1541
46,752
17,2046
28,2538
5,193
40,692
14,3300
12,3339
42,4745
31,477
35,2843
31,3601
43,2404
21,2395
7,4005
6,5741
8,5407
8,2432
30,7
20,2917
13,1519
31,1332
45,706
15,3495
37,2175
38,743
11,1692
49,3
25,2940
46,4932
47,2579
11,5106
19,1102
17,3635
11,4954
37,4473
13,4337
6,5734
16,5633
44,4522
50,1731
19,3508
25,3746
14,3908
17,920
44,237
45,5574
1,2897
50,1892
14,1327
46,131
41,1223
17,4268
22,4471
30,2687
49,4741
21,180
27,789
38,5054
25,5414
7,1512
20,2510
3,645
18,1025
28,5890
5,2286
40,2242
21,4330
9,408
41,1845
20,2024
46,3684
48,4574
20,2365
42,5043
1,2550
9,629
17,256
49,669
39,754
4,2909
2,2797
49,612
33,2154
14,3827
40,3657
28,1602
44,129
21,1718
40,4137
16,5173
8,2177
40,944
26,564
36,2540
2,3400
27,315
23,976
1,3808
20,5803
22,3562
20,2772
30,4870
29,1457
39,848
8,4896
21,4434
29,4430
27,717
10,105
11,1440
3,1050
10,37
43,403
47,4433
23,1771
4,1267
11,3437
17,3180
40,2068
36,1412
10,270
5,4320
15,4268
20,1441
48,524
46,5352
20,4439
48,3848
25,4497
18,5869
15,4970
12,249
48,2503
9,3922
25,4047
42,2485
28,4285
34,5875
46,4797
41,4545
16,1542
6,5550
47,1672
11,4607
32,5296
29,4150
19,3454
9,4240
17,4148
16,1584
43,4027
32,2547
26,3992
31,524
38,5823
27,1284
1,4512
34,3967
44,5006
38,5208
13,5729
30,5733
8,5548
6,1532
18,4835
44,5128
31,5544
33,2198
26,536
44,1286
22,227
27,1038
25,574
43,1841
15,488
32,5306
2,1108
34,2855
10,1342
7,1910
25,5592
26,1052
30,1850
49,5382
46,5165
38,4763
19,5254
28,2629
45,5420
50,4942
16,800
23,891
7,4508
41,440
16,3818
11,2285
49,4916
26,1305
6,1534
32,4134
14,4775
48,5741
10,3428
21,3397
29,3023
3,5702
7,4501
32,3149
13,2938
22,5569
12,4363
15,77
50,5538
21,4932
29,769
14,2810
12,3632
31,1927
13,3267
45,1789
38,350
39,4334
9,4466
42,1300
36,4676
10,4466
41,2311
40,3017
44,3407
24,5805
18,1854
1,5734
20,290
26,1485
38,1221
48,1517
16,4523
18,4302
12,4976
26,1775
35,1054
48,357
14,5064
8,2685
28,3583
34,5905
31,1303
35,922
50,1546
24,1411
46,3270
32,4543
30,762
8,4092
34,1289
10,5526
6,4809
30,2295
11,702
20,4183
5,4867
4,4140
5,696
29,3720
16,4424
6,2056
3,1743
14,2872
28,2632
2,1709
45,2627
25,5365
7,2259
44,4986
33,305
1,4298
11,4355
8,1645
10,5801
27,1963
8,866
17,2576
6,5514
23,1938
17,525
47,3044
44,4497
8,2562
15,4247
20,4647
27,789
21,5322
15,1712
43,4030
22,3747
16,5892
40,1573
9,1703
24,4613
46,5720
14,5380
21,5884
38,4484
40,5809
8,956
18,3037
21,22
14,3394
27,2902
27,5877
38,3477
19,1400
21,5517
33,3506
18,2472
6,4547
19,4898
22,3816
16,3658
34,1629
10,2330
10,1166
11,2793
5,721
45,5321
41,4039
37,4085
20,438
13,5216
36,1190
21,4515
27,1898
26,2246
49,785
43,5590
49,63
19,938
26,1051
16,3213
10,3428
42,2449
34,4735
11,221
30,4465
10,4662
37,4532
39,3213
35,3840
15,242
17,190
45,3338
1,988
46,2571
9,4694
15,4242
12,2713
18,4986
48,4624
11,4613
3,1807
7,5806
32,4477
50,4927
50,2367
5,3280
22,5277
19,4157
12,1921
48,748
46,5886
32,4801
11,880
38,4351
44,1845
9,3430
47,814
5,2471
12,2260
33,2891
23,5817
8,3509
38,2543
44,3432
9,2807
26,5237
7,5178
19,4465
44,331
11,3374
30,4107
7,2974
13,914
36,2812
2,4185
33,4418
9,4080
43,1203
19,729
16,1076
39,4662
39,4562
26,4514
14,3467
19,567
26,5392
23,3835
34,3239
39,5607
15,5782
43,1399
49,288
5,1870
33,5689
3,3178
34,4904
34,4834
34,4348
25,3004
21,5283
11,3876
19,495
48,3729
5,2345
42,2311
25,3841
7,2289
40,3433
41,2718
19,1934
44,1502
45,3323
20,1441
24,4862
2,1863
32,5611
24,5894
34,674
10,2768
26,5169
45,191
42,4068
34,1520
29,4914
35,1298
16,1594
2,2335
16,833
14,2007
14,3058
25,5014
4,2110
44,3296
30,4930
16,2163
4,3385
31,1730
3,3254
41,70
28,126
28,2615
50,4720
20,2610
6,1137
42,3761
43,2876
26,3302
27,2522
40,4139
31,1009
23,3111
39,5148
8,1935
3,5301
33,1296
31,1280
31,2130
25,4989
13,1892
4,4440
18,5806
24,3409
25,2541
33,5890
29,1596
29,3506
19,707
34,4014
23,2576
38,2021
34,928
10,2437
30,3298
25,480
18,2525
25,3400
31,595
42,5363
20,328
18,5582
1,5628
19,2488
24,3588
36,3239
47,3909
39,4160
5,3342
27,1494
18,2264
44,4193
50,356
19,173
33,2322
37,322
31,4496
1,332
26,3683
46,2149
16,4834
22,5840
21,3278
28,4244
15,54
15,297
17,4974
9,5202
41,676
1,1455
27,5630
6,5352
11,4926
40,5865
46,3058
40,5874
33,5682
28,1929
27,3624
12,2722
15,87
3,692
30,115
7,2680
15,5124
19,949
45,2579
34,2464
23,60
17,538
17,517
11,895
46,1346
10,4380
49,1572
32,425
43,3932
43,3965
43,859
49,4266
40,3199
18,5474
5,4791
17,2339
45,2196
7,3800
22,3453
9,5509
2,2757
6,1000
42,4614
50,5118
22,1222
26,2444
42,4500
9,5552
42,1679
45,3540
35,563
13,5104
35,82
49,3301
37,2528
50,3044
33,4554
32,2043
40,2142
22,333
27,5196
32,5189
16,2721
40,1955
3,1436
21,2340
22,1980
9,4392
24,4577
41,3671
5,5544
50,4848
21,4539
25,4798
19,5250
28,4296
23,2597
38,5379
38,3939
3,5278
6,5569
43,1689
25,2841
3,1687
22,2859
35,596
42,4
28,3276
3,5739
30,5874
25,5399
18,5189
50,645
28,5511
3,5518
19,676
33,2274
26,1440
34,982
38,3715
2,3956
48,996
28,16
11,1016
29,3886
28,5540
24,3852
6,4932
19,553
47,1572
25,2647
42,2571
14,4714
25,2439
30,1865
12,4685
38,2394
2,2393
10,4704
28,2742
18,4089
38,3316
48,3421
12,2250
48,3705
22,5645
17,5233
17,5643
42,4473
11,5586
31,1059
43,2674
41,3153
2,1462
46,5270
34,4547
13,899
26,561
11,995
2,3760
38,5180
28,327
19,5092
5,2846
31,4454
7,2239
9,1586
32,544
18,527
46,3827
24,3930
36,4034
29,3936
16,5397
44,3239
36,1533
24,5586
23,2138
44,2961
2,2284
44,1527
5,5557
4,4886
6,6
24,659
30,2188
11,3847
13,1278
4,1861
29,5370
5,5595
30,5233
50,5555
30,2872
31,5857
13,3706
38,2758
49,4378
40,5272
20,2110
43,1685
33,5740
29,120
42,4626
31,4490
3,640
2,4670
49,4641
11,5749
17,3486
26,1028
35,5466
12,3069
35,1341
27,4997
35,3372
48,4806
26,2493
27,4610
36,3706
39,803
28,1051
19,5742
11,2705
36,4517
44,3697
39,3856
41,5548
45,5386
32,4398
26,5212
6,4412
41,2394
7,4779
34,4143
29,4965
4,766
6,3820
22,5561
15,4250
33,5738
42,4062
14,4084
12,5093
44,3270
29,4173
21,1119
34,1954
29,4836
40,3997
40,1029
11,654
32,1242
6,1980
47,2304
21,3842
37,2779
1,644
10,2962
21,1772
40,4433
3,3747
42,4897
36,2699
49,2360
35,5122
9,650
26,5343
3,455
10,1793
21,1565
22,941
26,3634
45,5891
16,4548
49,2356
16,5220
19,1813
15,3392
16,142
23,5633
23,3606
26,4939
32,1864
12,582
32,3116
11,4503
12,275
40,2131
22,5186
39,2008
33,4886
11,2778
4,3871
28,4263
27,2310
40,3203
23,1293
47,4990
37,4802
5,4958
1,50
2,5193
35,2343
5,5602
13,650
2,4930
48,3582
22,4555
15,1050
41,794
10,2105
23,4881
14,3811
20,3087
15,5326
9,796
46,3698
33,3622
7,732
34,1397
19,456
4,1214
16,2514
8,4805
21,4323
32,5152
9,2916
47,2859
39,4781
24,4079
39,3650
20,1908
36,615
39,1563
31,305
33,2295
43,5321
49,29
37,3599
5,3427
6,2605
30,2924
43,2616
4,3855
6,1554
48,5469
27,4677
31,1771
13,2192
14,2093
10,4117
21,3661
36,5559
44,3530
23,647
30,5293
4,2554
49,5773
31,1782
31,4052
14,4054
17,5853
12,1566
17,5145
38,4187
7,312
32,3698
8,5603
18,3138
11,793
30,2660
14,4553
45,5516
48,1911
43,2951
35,5479
25,2049
7,3707
42,2922
1,3763
16,5845
33,1281
48,558
34,628
27,1711
23,195
5,5570
17,4943
42,2823
17,4834
14,866
2,3883
42,1378
30,2683
20,2685
36,1834
27,4216
48,2298
15,643
17,1110
37,5002
48,1265
48,4799
9,417
11,3620
18,2145
29,4322
44,4241
25,910
2,626
21,1506
49,3967
4,1217
22,188
28,1380
13,3939
19,437
23,380
25,5164
48,739
12,3029
49,896
8,2997
42,5536
45,4753
23,1823
48,2926
5,2160
14,4894
14,5043
28,3463
28,3995
18,528
37,4784
48,2357
37,3962
40,4639
16,2736
30,4597
28,3340
49,976
17,796
24,3042
39,427
11,1610
35,42
13,1564
42,4446
49,351
44,3672
40,436
34,1569
5,5000
16,5511
33,3584
2,4950
46,2208
34,4194
14,3024
17,3270
48,4506
9,1943
16,5252
39,3184
26,945
44,3162
17,2544
10,3555
1,847
27,236
37,589
6,2099
46,3075
3,5397
49,3999
23,5176
27,3343
26,2327
37,1584
28,94
2,3782
45,5688
35,4285
42,2672
14,3190
11,4427
27,4575
4,1636
26,3253
11,4256
11,1313
4,5622
16,5913
49,1206
13,2055
12,2607
3,4128
14,3272
30,3903
13,4722
46,5469
19,3912
28,5504
43,3174
25,4877
6,1771
13,4055
15,394
27,586
50,3466
49,1638
38,5585
30,453
9,5259
27,3034
21,1406
47,5624
17,4676
44,4571
28,2485
15,2010
42,124
49,1663
13,4018
41,1804
50,1136
42,5603
2,1664
8,4050
44,5237
1,5584
6,2078
2,2863
50,4909
25,4275
1,5665
27,2554
36,1306
47,2399
42,4225
49,5732
50,3985
44,1715
5,1027
3,5162
31,5263
48,648
23,2531
2,5562
12,1806
4,611
18,3994
18,1954
49,679
32,2536
18,118
33,86
36,3533
42,3057
20,5565
29,208
37,5070
37,758
5,4032
10,2564
17,5280
19,4997
43,5211
2,5096
24,1042
8,111
28,3080
18,2170
31,2416
42,258
46,4556
49,4248
6,1361
22,504
16,5324
26,4652
23,2238
35,1076
40,916
12,907
28,5502
2,2926
36,4503
3,2251
20,56
33,2550
16,2777
11,3939
50,2556
12,1954
13,1801
1,3539
32,2073
12,4680
38,1858
47,4786
15,2136
40,4770
16,2246
18,4007
19,679
12,3283
17,3214
9,5686
36,5343
49,2586
26,5388
42,235
13,2560
25,1999
10,5910
27,2811
41,4805
48,2075
16,5584
22,2068
30,513
20,1429
3,2351
27,3202
50,4610
46,953
50,3932
9,5040
33,2056
32,2289
10,2261
40,1196
45,5737
21,5412
49,2544
46,3462
7,2456
6,4962
16,3028
8,2438
7,544
18,4422
9,570
1,1448
1,3004
10,1126
24,3546
40,1238
37,3837
9,4901
2,5841
45,4135
34,3787
39,4011
12,1399
23,5573
22,4702
20,2169
31,5062
44,143
28,1458
27,4796
36,5688
43,1557
35,3117
11,1029
8,3679
39,4577
12,828
12,5570
41,1172
4,5194
10,3060
13,3489
40,2049
43,3443
46,5189
8,1393
22,360
41,2570
3,5326
14,3273
45,991
14,121
44,5484
47,579
49,3391
27,687
43,344
6,2189
20,4342
45,1689
32,3994
4,3698
23,2510
34,5781
38,4825
17,3225
28,5536
16,5634
26,3582
28,85
36,969
9,48
37,2524
17,4785
49,1124
3,206
33,3059
35,5091
42,5374
26,5294
34,4000
37,162
18,3880
49,1968
10,4531
39,3248
17,5802
21,2134
21,5546
14,4515
37,5256
28,2214
45,3786
40,4634
2,4906
14,4045
22,966
15,5705
35,4201
45,3363
28,3328
23,4810
37,3199
50,4518
19,2050
45,346
5,1944
38,4649
25,1281
27,4394
34,5114
17,2437
8,3680
7,2320
13,5657
23,1689
3,4391
42,2715
15,2678
50,100
20,1770
5,5041
25,1230
1,2311
48,3770
13,4341
32,4209
15,1595
27,3863
41,1906
30,3509
34,2852
21,3205
45,5217
15,2942
35,4247
41,1618
35,1721
40,154
40,3356
42,4238
45,3055
20,636
36,440
43,4677
20,4223
25,3829
48,503
25,912
19,5782
14,57
25,5682
50,3187
27,3587
19,4327
34,1153
19,2346
17,1118
46,3506
23,2527
20,1362
3,2066
5,5584
6,4482
34,3838
43,440
47,1586
22,716
41,1010
42,2476
49,2640
43,3089
36,551
5,332
6,3724
28,3911
29,2727
38,3325
39,2606
35,3940
8,109
18,802
37,257
36,5191
37,5708
50,2344
39,5344
22,5728
37,349
2,4998
44,650
49,3460
23,16
2,4185
24,359
20,1251
35,4649
1,2030
20,4567
15,3259
31,3135
45,5776
29,4949
22,1562
50,2488
37,2027
28,4264
15,4949
31,4514
24,843
27,1124
9,5366
11,2687
30,4071
38,2246
7,1670
38,1541
8,2741
2,4387
13,2264
23,2904
8,2455
28,2799
33,1701
42,5291
18,5560
5,5188
1,5740
43,3695
8,5256
11,1561
18,266
38,3343
6,3564
5,1269
4,4317
30,1424
14,1081
44,2689
27,1471
3,3637
23,5440
14,2038
12,1937
17,5774
31,3296
3,1075
41,4482
12,4111
7,1248
26,1366
49,1658
3,4635
9,3212
26,494
12,334
13,2236
27,4486
6,5282
47,2930
5,530
42,2218
13,4774
40,5550
23,509
33,2818
37,3387
8,466
32,3505
10,2949
7,4056
45,4899
7,5850
22,2919
18,1593
14,3448
43,4208
35,4335
2,1379
2,3147
2,5312
26,32
31,746
13,5674
26,5026
35,9
8,1465
4,2540
29,2575
26,1969
40,4167
33,1101
34,2783
41,5093
43,2871
50,2867
30,1324
45,2161
38,3310
6,1213
32,3105
50,3181
1,1654
35,3090
19,3699
47,2569
35,3973
12,2215
38,761
7,1363
37,547
45,4088
18,3408
10,309
5,1752
2,4770
12,539
5,1121
38,2903
24,4318
5,4937
48,4109
48,1353
30,4428
40,5302
23,3025
13,4397
32,578
33,2769
36,245
50,1325
26,3473
24,5841
8,3664
27,1504
14,4568
8,4298
21,1149
25,1846
16,2727
1,67
10,2534
49,5011
4,5111
34,5435
35,1654
43,3365
29,368
18,3441
15,1395
15,2194
14,2605
11,1512
15,4736
18,9
37,5483
33,4471
24,1729
5,3055
20,3561
26,4281
12,2560
21,3791
24,5145
38,3504
17,1603
21,1879
16,3617
32,1548
2,4532
39,929
9,469
5,2509
17,1787
17,342
23,5456
3,4748
42,3919
36,2425
16,4812
44,1879
36,630
30,3880
18,5077
18,5404
49,721
33,3560
11,2619
45,1060
9,1971
47,3888
36,4519
39,3402
49,919
4,1756
49,1463
1,5030
15,696
20,4066
46,2102
25,4506
15,5275
46,4032
43,3272
35,3584
46,4020
15,277
37,2674
4,3520
35,5082
27,2067
33,4173
18,4358
31,5142
44,4759
23,78
10,5567
28,1253
20,2489
25,4833
24,2921
4,3579
39,5651
19,884
9,3679
25,3724
7,1728
32,5072
34,3460
16,1207
21,2324
4,1240
33,477
17,3117
42,3145
13,4499
15,4142
14,3850
20,1381
8,4996
11,3133
27,5094
28,5013
50,5089
25,5633
40,2116
24,3658
19,3750
44,5325
45,5371
29,426
49,4600
30,424
45,3280
46,4583
22,2479
34,714
20,1155
16,959
19,3692
27,4976
42,4829
46,1448
1,3563
20,5140
16,4085
11,4003
18,5561
34,345
19,5197
26,476
14,3248
25,327
3,849
34,2601
35,4524
38,890
26,5097
9,3921
4,447
19,1012
32,2678
34,1801
19,5819
3,3225
5,403
3,1785
44,3842
31,1721
18,4694
17,329
42,4316
27,4872
45,1027
43,3101
20,4373
2,1126
50,5882
13,5342
19,5871
12,1824
19,5758
29,1053
47,2135
37,2045
47,5616
16,1600
47,4588
32,3230
11,429
9,1939
38,5190
34,1404
2,781
39,1787
38,3885
35,1863
36,5777
42,5268
3,2859
36,1519
3,108
45,2648
46,4383
33,2342
2,5385
20,1381
46,659
26,5183
6,2957
19,1971
49,503
47,1204
42,3643
16,1218
1,390
34,592
40,197
10,5166
5,107
34,4388
45,2328
41,3910
29,3202
5,2708
14,4047
32,2930
34,2906
42,1069
4,5050
27,3843
26,71
7,831
2,2451
4,2886
12,178
41,5290
30,2018
23,3438
6,5445
47,3903
38,3257
7,3587
19,1179
36,4043
41,5718
11,4528
21,1653
8,4335
46,4030
10,613
20,716
42,1914
18,105
18,1451
26,4998
17,4070
7,316
42,1524
50,2312
11,1267
23,5017
21,5387
32,2512
13,2805
21,5428
13,880
18,366
40,2940
6,318
48,337
39,3356
3,3792
48,5902
20,5593
40,1487
9,4153
48,716
45,1155
19,157
27,5484
12,1149
8,5148
37,1228
43,2525
29,5854
45,2010
42,5753
33,308
5,1736
9,3944
46,3953
39,3254
9,1539
10,1188
18,1119
42,5575
45,118
3,2876
13,4037
32,4828
41,2021
9,5250
46,767
7,856
25,3772
25,4306
47,1888
32,2099
43,5512
25,3837
40,2860
43,2944
36,2968
10,4030
26,56
30,1054
35,4047
32,1781
26,2719
25,4298
43,4940
47,2519
11,3795
2,1168
13,2510
37,5788
29,3162
44,5608
29,837
26,4459
26,1096
9,3737
36,2845
26,4494
50,3289
17,4443
15,4287
8,27
8,2037
47,1879
23,4245
35,787
4,5380
16,5136
41,2461
50,4150
29,2930
36,5139
5,3210
46,2142
16,5168
44,3437
3,2887
7,3426
6,348
26,2873
27,5867
10,2279
10,377
15,3848
31,1911
36,4290
27,4312
48,2359
28,3582
31,4711
47,1926
35,785
9,5230
45,3568
6,3646
48,2231
47,3556
35,5873
39,4392
16,3549
18,2451
10,2423
14,2160
18,5258
33,201
6,771
47,3060
13,1277
18,5161
21,1982
27,20
49,3488
37,394
10,3373
15,4563
24,3479
14,527
44,1898
27,3638
27,4822
46,1511
10,4530
16,1487
37,984
30,2281
46,4804
21,224
2,2780
36,2171
43,5555
17,2739
44,980
43,4780
21,1628
42,731
44,1632
16,3910
49,4197
33,4478
27,3052
30,5649
41,173
1,2329
22,5369
32,5290
36,1646
5,3962
25,3307
20,3984
35,5772
10,3401
8,2991
35,2642
18,4592
35,879
30,5324
40,5258
38,2680
45,3005
21,4823
31,2864
24,2714
47,4003
26,1693
32,532
35,26
13,5202
19,865
22,2917
13,2066
15,4358
31,244
32,4026
33,1601
20,4714
34,1015
37,1273
2,853
23,5516
16,2885
30,4944
24,2168
27,94
13,5478
2,1986
9,2914
43,4479
47,3479
22,5413
46,903
14,1990
25,510
4,2135
12,1158
38,3628
7,1490
42,3652
10,1641
13,4410
16,1440
35,195
48,1834
33,3183
20,504
42,2159
48,648
1,655
42,2692
35,1663
5,5339
33,5304
40,1196
45,2930
9,339
43,5129
42,473
39,362
23,2668
48,2073
46,3012
7,3188
28,3214
46,2818
16,835
43,5616
49,998
27,2368
20,5096
39,3887
7,3328
47,4632
16,5313
28,1380
17,2321
36,2453
23,4541
29,5739
5,3514
31,2909
36,811
12,3510
3,4228
7,2882
9,2756
5,4443
17,2893
33,304
39,2049
6,2550
4,4083
25,3578
17,1766
40,4122
30,4137
48,2170
39,449
1,402
46,2592
17,4170
38,3224
17,3238
36,4434
26,1457
29,3126
4,4003
21,474
23,1364
48,737
32,5157
30,2382
24,2868
46,4595
3,2962
30,3493
42,3363
4,3271
25,1279
30,3878
34,682
50,5526
50,3572
23,3233
45,2154
36,692
34,2380
34,343
22,1028
30,5904
41,2251
25,5332
19,3376
9,5061
45,3873
36,289
21,3256
33,4167
4,2576
5,1921
13,915
47,3496
24,521
15,3509
35,3243
13,1181
10,5587
18,4611
42,5815
17,4582
8,4548
37,899
22,3090
47,970
11,2390
40,4188
11,3653
22,4998
24,1888
16,4449
8,3720
28,3670
39,5686
6,5260
23,2955
35,2482
49,3930
23,4357
38,4773
25,336
3,3757
35,1999
35,4918
50,5658
6,1160
22,3694
21,530
48,975
49,4745
20,3013
5,550
18,5729
48,3184
42,1596
2,4101
19,2284
31,4474
13,4907
38,4051
10,4047
14,1528
38,3530
17,2801
11,369
21,2192
11,4972
4,382
7,5141
34,5764
33,2833
21,416
42,285
25,1660
19,5164
29,1105
40,4917
28,3525
17,1968
40,3339
26,3778
5,3059
48,4653
36,3690
42,5225
33,1378
19,4192
27,867
32,3934
21,5674
27,506
39,3453
23,178
5,5338
13,91
8,3248
36,5002
33,3032
35,1087
45,3721
47,1001
35,706
50,2995
45,69
14,1652
44,3416
20,2955
6,130
9,2588
37,4413
47,1094
38,2795
29,5231
23,3273
47,1847
1,7
49,5828
50,4851
19,2035
38,4361
44,2690
9,2427
6,2484
17,2373
20,5580
9,97
36,4952
28,2256
8,820
29,1610
36,3910
11,635
50,2336
12,3433
41,1461
17,3391
23,3407
42,2788
48,2412
44,2304
6,4849
49,2938
38,552
24,3355
45,2112
25,4343
14,1959
8,721
5,709
17,2005
33,2226
35,29
14,3635
44,5576
19,1133
45,1742
7,1141
7,4367
12,386
48,2458
29,1544
1,2878
21,3469
47,3002
5,613
1,1089
16,4812
28,4182
33,860
33,3527
19,646
15,4475
2,1464
5,1721
46,3178
1,128
23,373
1,409
35,2279
1,1038
4,2020
21,1280
1,1254
14,44
4,2775
37,3565
49,953
8,372
1,5690
9,689
15,3418
19,2520
2,142
30,5059
48,1716
7,5314
47,1566
49,2860
46,2042
22,3165
8,5097
34,97
46,263
41,303
21,2547
42,1380
12,2734
22,4145
43,5330
1,3071
4,5481
32,1523
22,3684
29,4188
32,4592
24,333
15,726
26,5125
22,2982
14,3495
20,3562
40,1876
38,4353
45,3529
28,2573
46,5857
37,2108
7,391
31,5174
8,5163
41,3936
2,5163
19,642
32,228
23,2722
28,4180
29,3117
38,2632
14,2610
41,4811
25,4233
48,1152
39,2344
46,4499
2,5335
45,1391
20,266
18,4099
17,1302
43,3839
35,5173
34,1180
23,4472
37,4259
32,5531
18,3488
3,2870
32,1
50,3724
11,1122
9,4028
36,5830
28,5617
40,663
2,3640
48,379
9,5609
25,2197
32,2324
45,3154
36,4111
39,4539
33,3896
45,4370
44,4562
34,3340
34,2345
36,2842
17,4579
7,2845
37,5633
7,2738
40,995
40,3033
43,1893
40,5842
29,5026
24,4651
43,3506
38,999
37,4134
19,1313
24,1168
16,1544
29,895
27,4012
23,5878
4,2324
25,3676
19,562
13,1841
38,485
3,4747
38,1800
44,3412
13,5051
44,4245
47,1592
29,2300
37,1864
41,4020
37,4356
22,3723
16,5560
21,4231
14,2853
26,4275
12,1209
49,1635
18,1293
22,4570
2,3563
21,21
32,1979
3,2527
43,3341
26,4906
30,1067
5,1450
26,2636
17,5676
44,1284
16,2055
46,1565
42,2115
28,5847
44,4512
20,3131
13,5720
32,2188
29,5052
7,1153
15,2223
25,3615
44,5572
31,2432
1,2829
20,2841
6,158
11,390
50,827
27,2062
40,84
36,5004
25,313
27,569
24,3348
27,5457
4,2752
17,1862
4,956
47,2284
11,2482
18,2596
14,5782
15,2195
47,5549
32,3255
20,4878
50,5214
35,1255
28,3868
21,5842
2,4716
29,2484
26,3616
4,3746
39,4275
36,157
18,1857
19,4806
4,247
2,5649
40,3645
15,1397
6,1226
10,3258
44,5542
36,4672
32,173
39,5493
49,1511
31,1876
36,4404
33,1578
19,2333
42,5882
2,2685
16,4593
4,3848
9,4224
43,2467
18,107
28,3891
17,4386
27,974
12,1853
2,2019
3,1892
33,3115
50,1766
50,4509
14,5197
2,2787
34,4288
22,797
12,5449
50,4303
49,3079
28,2090
43,3071
10,366
36,2341
18,3359
35,5016
1,1637
4,4984
49,1244
48,2812
1,19
12,1805
34,2567
18,2223
30,699
4,4852
23,5871
17,4012
37,3091
40,3555
4,3073
50,4345
37,4867
14,3584
24,4950
34,635
32,1839
27,1193
50,3798
32,4983
25,2649
43,4195
35,1671
33,3484
13,5106
5,4473
39,4306
29,2251
9,1939
48,867
36,2262
30,5375
43,2192
32,1456
21,5823
20,3004
35,2035
49,3504
41,1324
5,799
39,5378
23,1738
8,3780
6,5173
31,3516
4,1023
50,1390
22,5246
30,3594
2,3409
15,999
16,3339
18,76
33,3904
25,4913
17,1152
12,1396
31,568
36,4074
32,4691
15,5322
26,4253
14,2113
36,3915
30,3205
1,1796
42,3454
16,3162
27,1929
3,678
23,4858
5,520
30,1971
20,152
47,5088
3,4858
49,5689
19,4375
12,2573
17,4901
10,3783
32,3750
25,3917
5,814
19,1009
34,3048
10,2265
31,1018
43,2476
29,1976
20,1357
22,2607
42,2675
23,492
24,4748
46,5671
45,5694
40,5677
45,1756
21,1965
28,5004
22,2353
25,2528
32,1019
3,1279
46,2662
5,986
20,752
32,2317
6,1212
28,2952
18,1800
44,5001
35,2147
25,5251
28,4321
3,2275
13,4160
50,501
21,3350
39,4994
17,1317
46,1806
19,3323
33,2023
32,146
40,4835
24,3381
44,4204
44,197
42,360
47,605
16,5343
12,5172
31,3727
5,3360
7,2945
43,2968
21,4055
33,1502
34,4271
38,3009
50,1849
39,3882
24,5640
14,767
27,4557
34,1225
46,2607
18,3146
9,1732
13,4738
35,4119
21,3382
13,3782
38,3505
41,5586
13,476
13,2028
17,3230
12,4153
8,532
39,669
43,1929
40,405
23,4031
35,740
19,3735
5,2010
5,4597
2,2945
41,5436
9,10
49,3640
42,2945
24,3152
35,893
22,176
47,4808
45,1656
15,2059
36,531
31,4605
48,2476
17,889
50,2440
32,4203
17,4675
14,5897
19,3187
11,4957
20,5369
44,4272
2,2013
37,97
11,537
11,5705
26,2327
22,1187
4,4898
37,1326
10,643
30,5252
9,1150
19,1768
26,2037
12,4576
6,5463
9,621
10,5226
19,560
32,4479
42,251
31,4657
26,30
8,2767
37,3611
17,369
12,2038
31,2546
40,4721
13,2359
37,5394
39,1684
9,4632
38,320
6,4822
45,3005
42,1570
40,230
45,3829
40,1821
35,3583
27,5822
34,403
39,1501
13,3189
10,3591
47,4392
22,2203
15,2229
11,4251
28,752
6,1503
7,508
9,4876
31,442
12,3809
6,4304
50,742
44,1295
17,3121
16,4363
14,1990
40,1671
25,121
30,3548
1,5338
4,5150
43,3975
33,4129
9,5384
27,3827
50,910
13,2500
5,2575
49,3371
18,1260
25,3985
49,446
18,3804
47,5423
41,736
20,5001
32,4154
46,2435
40,4836
37,4140
19,2721
20,3628
20,4302
21,3208
3,1083
16,4842
41,5563
10,5195
49,1292
9,1424
20,4989
49,4625
8,4218
49,447
16,2092
34,3904
24,1262
42,3291
25,5048
43,1071
7,534
32,4206
30,1976
23,3566
50,3948
7,5901
12,4018
14,1983
13,2894
28,3727
30,5667
16,4810
38,5210
41,4381
3,2463
1,5342
1,4945
26,1208
38,5630
32,220
47,5126
22,2574
35,2482
7,3212
16,2435
30,5282
35,1419
14,4009
2,4635
14,4090
35,876
36,5590
36,386
24,3657
39,1258
40,3581
11,5233
17,4575
16,2277
41,788
11,4956
37,4435
22,4662
16,5407
19,18
3,2072
11,917
38,3047
33,2024
28,2147
33,1909
17,2780
21,5565
14,1679
13,2225
32,5352
5,5710
39,5454
14,166
2,2841
21,5023
17,1093
36,2852
32,5154
38,36
12,4872
49,2400
9,3339
42,3129
39,4494
35,194
19,5374
27,2885
48,5377
14,2263
43,3852
6,1546
26,1386
38,2247
15,1701
20,1522
23,4222
31,674
7,4471
8,3554
17,5119
36,3644
22,5606
18,1684
3,1169
50,4255
32,2952
31,2361
25,3034
44,874
29,3501
45,3570
9,5035
32,3550
14,3930
10,5511
19,5674
26,4436
20,1432
49,1735
19,450
12,1922
32,4684
42,4668
19,4774
41,1406
30,1078
15,4173
3,4412
30,4687
2,2523
6,3948
18,844
17,1971
25,2715
5,4145
12,5548
29,1954
43,4683
30,753
10,1423
14,5511
48,90
21,875
10,4553
31,362
33,4320
24,2021
19,2850
14,4391
37,2557
21,372
8,4856
30,3487
11,3889
30,264
33,4788
20,923
8,3265
46,791
33,3064
5,195
22,5702
43,3748
28,5460
29,4787
32,3136
17,5666
17,845
46,1988
30,5145
12,1365
40,5201
31,2772
5,1434
49,3113
3,1596
15,4671
4,2426
11,3219
23,4870
42,3548
12,3244
47,4419
19,367
27,4630
1,5599
38,3323
49,2453
35,366
44,2910
16,5844
11,3248
21,4595
14,3823
17,138
47,4519
37,5878
15,2342
17,4737
46,647
35,4921
24,3187
47,2379
48,3027
10,1441
31,1064
37,2494
32,780
27,5168
42,5870
44,4742
23,5166
2,877
50,3840
28,2133
3,1163
19,5629
12,1595
4,1441
25,4229
30,2660
49,2683
35,678
11,2304
36,4654
11,5296
4,1257
13,2867
15,4779
37,1707
30,2244
23,5252
32,2345
4,4489
15,5376
36,43
12,5826
22,4721
27,5679
38,5176
19,4951
19,4217
16,603
38,3930
18,3579
13,3625
49,2979
42,1978
17,5157
21,4525
3,4261
50,925
35,4739
3,243
2,3367
22,2520
11,169
36,1249
25,1199
44,1736
47,5597
28,966
43,4120
27,2437
38,1619
34,5155
21,1854
26,1557
7,1050
22,5124
44,791
5,5887
7,2038
4,897
35,4831
27,5026
2,4620
15,4020
30,5289
11,1888
4,4708
10,4345
29,4475
37,5060
34,3353
50,4287
3,4904
37,2255
26,1404
30,2766
26,4224
30,615
8,4628
10,4676
48,3696
31,1818
6,4809
21,1702
36,1191
1,2098
24,1633
12,3287
10,2227
30,1345
10,5110
1,852
50,2719
36,5596
10,3686
20,612
32,382
25,1004
40,4544
36,3793
29,3131
1,1204
1,1157
29,4489
2,502
16,5118
38,1770
25,193
39,886
31,1060
19,1129
31,3970
47,306
50,27
45,255
44,1575
10,430
7,4830
25,1928
32,1511
7,2697
41,3433
10,4558
7,322
12,1435
27,493
22,1560
42,1771
41,3857
39,112
2,4180
12,3370
24,4902
20,389
28,2449
12,4253
8,1847
5,3784
37,5158
31,2133
39,4794
16,172
17,1129
9,3084
3,5412
11,1916
43,3335
43,1838
43,2586
50,3335
11,5577
42,1103
7,4720
34,927
4,3942
13,334
41,167
4,1139
20,2161
27,5591
22,129
21,4160
14,3866
42,2341
4,4034
49,2443
35,876
41,4816
41,1927
35,3586
17,5798
24,1135
21,1589
10,2321
19,5325
25,4410
4,4848
3,3974
46,178
31,1558
40,4002
43,369
49,3698
42,280
23,2804
38,2577
1,4304
23,2802
45,5145
18,115
47,5420
10,5766
18,4585
10,4106
50,1812
30,5377
21,1701
45,5488
50,82
9,4738
49,5090
16,2540
23,5449
19,939
39,815
45,3638
9,3778
5,5134
32,3270
49,701
50,2921
9,5881
49,1128
41,1719
33,5419
44,4283
46,4902
18,4689
41,3810
19,4328
20,2239
16,1975
41,5413
49,2662
13,5159
12,5365
37,3173
30,1820
26,728
39,1980
4,3886
33,1231
47,55
27,2946
41,1435
18,31
22,4256
6,2507
45,1065
28,197
30,4137
7,38
41,2945
5,3040
27,367
32,2895
42,2708
29,4820
44,1778
47,5914
16,5529
44,5807
23,1469
44,3321
42,2847
24,3825
49,959
7,3564
6,2889
14,5400
3,4173
27,4670
25,4116
32,457
33,5269
11,5243
10,699
8,2150
20,5205
26,5172
16,3379
44,1398
4,5550
12,2165
33,1758
27,1696
43,2562
16,3656
41,1118
15,665
40,3467
35,2158
42,1789
48,1345
30,480
46,5279
33,1498
26,14
40,2323
48,5729
44,2875
43,2906
49,468
26,1461
23,5101
40,1523
39,5914
35,952
18,2836
44,5662
49,2334
24,3998
15,3222
48,1939
23,3800
24,4189
48,4482
50,832
11,4610
35,5775
23,4889
27,5886
20,1528
9,1833
10,1241
13,4335
19,56
1,2252
26,4381
25,2318
12,3850
4,4846
33,816
50,1433
20,3446
28,3212
12,541
10,979
30,3746
3,413
6,354
3,979
10,5593
38,1704
39,1972
1,5219
28,2058
36,1431
9,4071
40,3215
48,2147
21,5343
36,5015
31,5398
7,2467
23,2758
20,4833
15,3806
31,2060
21,3026
46,3933
20,4655
8,3749
26,4806
43,5070
31,2649
11,3035
25,4984
4,4132
12,1470
15,5330
37,46
32,4609
36,2895
1,4054
7,1037
31,4487
46,3755
4,5439
34,420
6,2167
10,1396
14,2926
38,4069
48,4461
38,1106
30,1063
3,3110
35,4489
21,850
1,3332
37,1965
46,3992
47,5503
50,1411
9,1679
6,4456
49,3539
21,4530
10,5745
41,5333
33,4388
38,2821
34,1188
40,138
39,4848
25,1325
19,2678
32,5696
15,5443
37,2374
43,3970
34,4219
12,5030
4,1958
2,2684
48,457
45,1518
38,1075
49,4847
2,1628
47,4725
4,3344
44,1780
29,2950
31,1785
44,1907
17,4552
4,5794
35,3516
22,2881
19,463
25,1689
49,2217
40,3273
41,3524
48,3356
23,102
47,130
26,482
6,1657
35,4971
22,5013
4,3170
48,2510
7,1808
36,4745
2,4178
26,3424
1,5006
34,2641
25,828
16,4534
14,4209
29,5206
28,1771
46,4153
19,2120
28,255
25,2365
20,5119
21,5471
31,2402
42,5228
44,3992
20,4662
16,2650
24,1875
33,1962
38,1605
37,4906
5,3286
7,4215
6,3786
23,716
24,42
37,3545
30,5404
36,5769
20,5180
43,1376
27,4908
3,1728
12,2279
44,3917
25,345
28,3793
33,2582
31,2470
25,4483
12,557
28,4318
33,2919
18,1104
48,1235
10,4459
2,640
12,4992
46,1062
15,4863
1,2534
49,1041
31,2244
3,2573
28,3745
9,60
11,3048
20,2482
1,5249
9,1568
12,2372
45,5321
15,4567
13,3606
47,5292
31,3668
19,118
5,3191
19,2163
34,1209
15,3904
46,2570
31,1918
11,2028
25,3930
16,5064
3,5613
48,5509
5,5309
6,2907
37,4590
41,5721
22,1311
3,1310
36,1739
39,5
40,4122
18,1891
32,4957
50,2238
11,4973
20,1392
35,1443
29,4224
25,2304
48,3945
22,558
21,1620
10,2396
48,4779
29,5397
39,3362
17,624
38,3724
41,565
24,3418
37,2679
49,4205
32,4548
43,4275
34,691
22,5671
34,1623
20,5356
31,807
14,2792
38,1533
15,2229
34,5231
37,1225
20,1078
47,5538
14,2850
14,3759
50,5118
18,26
44,3517
33,2206
29,3964
17,1811
31,3058
2,2839
28,887
29,5716
24,390
35,2917
44,1639
16,3911
3,5533
13,3250
23,4981
40,3065
39,4877
34,4999
41,787
50,5186
21,1932
31,1095
30,3075
47,2239
24,4359
25,5870
39,3993
23,1905
9,3251
18,5902
31,5796
5,4873
45,3025
42,3512
25,5577
5,5437
19,4302
42,4167
18,59
20,2694
28,976
13,739
37,5352
33,142
22,601
36,3495
3,2441
11,4277
40,1018
34,2883
46,2395
11,634
44,675
17,2929
9,5295
4,1951
30,3272
43,1613
18,2466
33,4385
25,3869
39,5018
30,4010
36,2229
48,710
9,3367
26,615
44,2851
35,3506
45,5298
29,2569
23,2450
15,5559
2,5524
43,4076
22,1382
48,4266
25,4913
15,1367
38,1628
45,1965
40,1667
34,4560
23,3047
1,4380
14,5528
26,3243
15,5872
26,1126
36,1416
12,1544
30,5803
26,4653
21,1045
4,749
27,1444
6,682
16,3513
24,820
6,2654
35,2192
4,3143
16,3843
45,3960
22,3292
16,1642
16,4698
3,1459
8,5545
33,2758
35,4161
29,972
26,3158
43,5776
46,193
13,4550
41,4188
47,4100
8,1932
36,5110
20,5176
14,5186
35,334
32,3536
10,746
28,3264
48,3871
37,2587
21,257
9,3050
10,3453
20,5485
22,3774
46,2014
31,2646
17,5383
41,1689
25,3945
28,3731
21,4378
18,1961
48,2447
19,4566
10,4139
38,5494
13,166
23,5426
13,5443
39,439
20,1272
40,792
19,3302
44,4874
7,2717
19,79
47,4656
28,4278
40,3530
12,1525
6,2621
24,3627
18,4769
31,1902
32,1581
18,3341
41,3667
6,2543
38,5280
1,2457
10,655
9,815
25,5203
21,2134
30,3809
29,2730
40,4756
20,5458
44,5027
31,1977
38,1484
50,4693
28,1335
39,1233
27,4988
16,1674
35,710
10,3766
49,2930
33,2888
25,2974
37,1196
18,3621
21,3281
35,722
25,2552
50,3960
50,478
23,648
43,3663
2,746
44,5108
34,5344
30,4481
21,5053
47,18
38,1411
49,4696
9,4823
3,4457
41,2674
28,4199
5,524
11,2716
6,4329
29,5446
31,988
21,1999
16,4991
20,605
28,1982
31,5145
33,3787
24,365
41,5417
17,5562
25,3021
21,5256
49,1738
1,3495
47,5652
1,4486
43,3883
33,1993
12,952
20,597
23,2489
14,1661
19,1352
48,2055
31,3071
40,1850
15,2965
13,4042
18,470
3,1482
7,876
17,1725
29,1160
47,2654
44,3810
17,2175
1,1218
35,3564
2,4216
12,5442
12,932
30,1212
47,5837
42,4139
12,2936
16,2763
38,2122
28,891
49,732
33,1469
17,5480
45,2747
29,5235
30,2578
24,679
3,4321
31,4736
8,2158
11,1626
22,4208
8,1120
1,2060
42,1639
22,3362
39,5556
33,1519
34,1893
17,1607
40,3565
50,5095
22,2352
7,924
6,3087
45,5258
40,5333
37,2167
16,5534
7,5724
26,5342
41,1139
18,972
31,3238
48,4407
31,763
37,3401
9,4099
19,1276
15,3753
19,1982
3,4246
17,4664
19,485
23,5887
13,2390
43,5299
27,3132
33,5251
44,915
35,4944
18,621
16,1695
5,4475
44,4684
47,1050
28,1299
49,66
4,4644
13,188
16,5656
19,5679
49,3604
44,1325
12,2924
20,3560
40,2151
18,3889
48,1682
26,2016
3,1036
11,1922
38,5320
34,3282
34,3618
32,1509
26,5017
29,2104
44,5444
39,3809
34,4977
9,2103
1,2645
44,3196
28,289
40,1760
31,190
12,5557
49,2671
43,2964
41,3738
9,161
22,4315
12,1538
9,1518
17,4934
38,592
36,1599
39,3899
16,2403
17,746
16,4561
5,55
29,5537
30,2788
20,5613
31,2698
17,1471
4,1423
34,409
31,2167
16,997
45,3607
31,4982
8,2165
24,5583
5,5327
34,4170
16,2985
39,695
11,2054
31,4694
5,529
28,4064
19,1628
